manoeuvre,category,heading_deg,contact,mean_n,min_n,max_n,samples,zero_samples,contact_ratio_percent
static_heading_000,static,0.000,left_wheel,92.102,92.102,92.102,2000,0,100.000
static_heading_000,static,0.000,right_wheel,174.564,174.564,174.564,2000,0,100.000
static_heading_000,static,0.000,caster,133.333,133.333,133.333,2001,0,100.000
static_heading_015,static,15.000,left_wheel,86.874,86.874,86.874,2000,0,100.000
static_heading_015,static,15.000,right_wheel,166.914,166.914,166.914,2000,0,100.000
static_heading_015,static,15.000,caster,146.212,146.212,146.212,1999,0,100.000
static_heading_030,static,30.000,left_wheel,84.290,84.290,84.290,2000,0,100.000
static_heading_030,static,30.000,right_wheel,156.366,156.366,156.366,2000,0,100.000
static_heading_030,static,30.000,caster,159.344,159.344,159.344,2000,0,100.000
static_heading_045,static,45.000,left_wheel,85.084,85.084,85.084,2000,0,100.000
static_heading_045,static,45.000,right_wheel,144.372,144.372,144.372,2000,0,100.000
static_heading_045,static,45.000,caster,170.544,170.544,170.544,2001,0,100.000
static_heading_060,static,60.000,left_wheel,89.166,89.166,89.166,2000,0,100.000
static_heading_060,static,60.000,right_wheel,131.592,131.592,131.592,2000,0,100.000
static_heading_060,static,60.000,caster,179.243,179.243,179.243,2000,0,100.000
static_heading_075,static,75.000,left_wheel,96.240,96.240,96.240,2000,0,100.000
static_heading_075,static,75.000,right_wheel,118.959,118.959,118.959,1999,0,100.000
static_heading_075,static,75.000,caster,184.800,184.800,184.800,1999,0,100.000
static_heading_090,static,90.000,left_wheel,105.744,105.744,105.744,2000,0,100.000
static_heading_090,static,90.000,right_wheel,107.395,107.395,107.395,2000,0,100.000
static_heading_090,static,90.000,caster,186.861,186.861,186.861,2000,0,100.000
static_heading_105,static,105.000,left_wheel,117.335,117.335,117.335,2000,0,100.000
static_heading_105,static,105.000,right_wheel,97.384,97.384,97.384,2000,0,100.000
static_heading_105,static,105.000,caster,185.282,185.282,185.282,2001,0,100.000
static_heading_120,static,120.000,left_wheel,129.946,129.946,129.946,2000,0,100.000
static_heading_120,static,120.000,right_wheel,89.914,89.914,89.914,2000,0,100.000
static_heading_120,static,120.000,caster,180.140,180.140,180.140,1999,0,100.000
static_heading_135,static,135.000,left_wheel,142.792,142.792,142.792,2000,0,100.000
static_heading_135,static,135.000,right_wheel,85.419,85.419,85.419,2000,0,100.000
static_heading_135,static,135.000,caster,171.789,171.789,171.789,1999,0,100.000
static_heading_150,static,150.000,left_wheel,154.877,154.877,154.877,2000,0,100.000
static_heading_150,static,150.000,right_wheel,84.204,84.204,84.204,2000,0,100.000
static_heading_150,static,150.000,caster,160.919,160.919,160.919,2001,0,100.000
static_heading_165,static,165.000,left_wheel,165.537,165.537,165.537,2000,0,100.000
static_heading_165,static,165.000,right_wheel,86.301,86.301,86.301,2000,0,100.000
static_heading_165,static,165.000,caster,148.162,148.162,148.162,2000,0,100.000
static_heading_180,static,180.000,left_wheel,174.051,174.051,174.051,2000,0,100.000
static_heading_180,static,180.000,right_wheel,91.603,91.603,91.604,2000,0,100.000
static_heading_180,static,180.000,caster,134.346,134.346,134.346,1999,0,100.000
static_heading_195,static,195.000,left_wheel,179.826,179.826,179.826,2000,0,100.000
static_heading_195,static,195.000,right_wheel,99.826,99.826,99.826,2000,0,100.000
static_heading_195,static,195.000,caster,120.348,120.348,120.348,2000,0,100.000
static_heading_210,static,210.000,left_wheel,182.367,182.367,182.367,2000,0,100.000
static_heading_210,static,210.000,right_wheel,110.177,110.177,110.177,2000,0,100.000
static_heading_210,static,210.000,caster,107.456,107.456,107.456,2000,0,100.000
static_heading_225,static,225.000,left_wheel,181.593,181.593,181.593,2000,0,100.000
static_heading_225,static,225.000,right_wheel,122.245,122.245,122.245,2000,0,100.000
static_heading_225,static,225.000,caster,96.162,96.162,96.162,2001,0,100.000
static_heading_240,static,240.000,left_wheel,177.535,177.535,177.535,2000,0,100.000
static_heading_240,static,240.000,right_wheel,134.998,134.998,134.998,2000,0,100.000
static_heading_240,static,240.000,caster,87.467,87.467,87.467,2000,0,100.000
static_heading_255,static,255.000,left_wheel,170.411,170.411,170.411,2000,0,100.000
static_heading_255,static,255.000,right_wheel,147.730,147.730,147.730,2000,0,100.000
static_heading_255,static,255.000,caster,81.859,81.859,81.859,2001,0,100.000
static_heading_270,static,270.000,left_wheel,160.784,160.784,160.784,2000,0,100.000
static_heading_270,static,270.000,right_wheel,159.414,159.414,159.414,2000,0,100.000
static_heading_270,static,270.000,caster,79.802,79.802,79.802,2000,0,100.000
static_heading_285,static,285.000,left_wheel,149.326,149.326,149.326,2000,0,100.000
static_heading_285,static,285.000,right_wheel,169.287,169.287,169.287,2000,0,100.000
static_heading_285,static,285.000,caster,81.387,81.387,81.387,2000,0,100.000
static_heading_300,static,300.000,left_wheel,136.742,136.742,136.742,2000,0,100.000
static_heading_300,static,300.000,right_wheel,176.743,176.743,176.743,2000,0,100.000
static_heading_300,static,300.000,caster,86.516,86.515,86.516,2001,0,100.000
static_heading_315,static,315.000,left_wheel,123.920,123.920,123.920,2000,0,100.000
static_heading_315,static,315.000,right_wheel,181.238,181.238,181.238,2000,0,100.000
static_heading_315,static,315.000,caster,94.843,94.843,94.843,2000,0,100.000
static_heading_330,static,330.000,left_wheel,111.883,111.883,111.883,2000,0,100.000
static_heading_330,static,330.000,right_wheel,182.466,182.466,182.466,2000,0,100.000
static_heading_330,static,330.000,caster,105.650,105.650,105.650,1999,0,100.000
static_heading_345,static,345.000,left_wheel,101.090,101.090,101.090,2000,0,100.000
static_heading_345,static,345.000,right_wheel,180.350,180.350,180.350,2000,0,100.000
static_heading_345,static,345.000,caster,118.560,118.560,118.560,2001,0,100.000
drive_right,dynamic,0.000,left_wheel,91.978,90.167,92.822,4998,0,100.000
drive_right,dynamic,0.000,right_wheel,174.412,172.188,175.217,4998,0,100.000
drive_right,dynamic,0.000,caster,133.610,132.369,136.724,4999,0,100.000
brake_from_right,brake,0.000,left_wheel,92.112,91.830,93.733,2000,0,100.000
brake_from_right,brake,0.000,right_wheel,174.653,174.397,176.857,2000,0,100.000
brake_from_right,brake,0.000,caster,133.235,129.605,133.667,1999,0,100.000
drive_left,dynamic,180.000,left_wheel,174.277,171.420,174.812,4998,0,100.000
drive_left,dynamic,180.000,right_wheel,91.850,88.914,92.375,4998,0,100.000
drive_left,dynamic,180.000,caster,133.873,133.584,138.544,4999,0,100.000
brake_from_left,brake,180.000,left_wheel,174.658,174.387,176.927,2000,0,100.000
brake_from_left,brake,180.000,right_wheel,92.118,91.649,93.754,2000,0,100.000
brake_from_left,brake,180.000,caster,133.224,129.594,133.656,1999,0,100.000
drive_up,dynamic,90.000,left_wheel,106.575,104.811,107.410,4998,0,100.000
drive_up,dynamic,90.000,right_wheel,106.388,103.677,106.970,4998,0,100.000
drive_up,dynamic,90.000,caster,187.037,186.853,191.088,4999,0,100.000
brake_from_up,brake,90.000,left_wheel,106.769,106.513,108.495,2000,0,100.000
brake_from_up,brake,90.000,right_wheel,106.771,106.233,108.496,2000,0,100.000
brake_from_up,brake,90.000,caster,186.459,183.011,186.917,1999,0,100.000
drive_down,dynamic,270.000,left_wheel,159.923,157.025,160.526,4998,0,100.000
drive_down,dynamic,270.000,right_wheel,160.104,158.222,160.924,4998,0,100.000
drive_down,dynamic,270.000,caster,79.973,79.782,84.023,4999,0,100.000
brake_from_down,brake,270.000,left_wheel,160.328,159.691,162.200,2000,0,100.000
brake_from_down,brake,270.000,right_wheel,160.324,160.000,162.192,2000,0,100.000
brake_from_down,brake,270.000,caster,79.347,75.610,79.801,2000,0,100.000
turn_in_place_ccw,turn,,left_wheel,133.434,84.194,182.520,10600,0,100.000
turn_in_place_ccw,turn,,right_wheel,133.289,84.202,182.511,10600,0,100.000
turn_in_place_ccw,turn,,caster,133.277,79.749,186.826,10600,0,100.000
turn_in_place_cw,turn,,left_wheel,131.036,84.202,182.511,10880,0,100.000
turn_in_place_cw,turn,,right_wheel,135.553,84.194,182.520,10880,0,100.000
turn_in_place_cw,turn,,caster,133.410,79.749,186.826,10880,0,100.000
